question,answer
What courses do you offer?,We offer Python Automation API Testing SQL Data Analytics and DevOps courses.
Which technologies are covered in Python Automation?,We cover Selenium Pytest Requests Git and CI CD concepts.
Do you teach API testing?,Yes we teach API testing using Postman and Python Requests.
Is SQL included in the course?,Yes SQL basics and advanced queries are covered.
What is the course duration?,The course duration is three months.
How many hours per day is the training?,Training is conducted for two hours per day.
Are weekend batches available?,Yes weekend and weekday batches are available.
Do you provide online classes?,Yes we provide both online and classroom training.
Is this course beginner friendly?,Yes beginners can start without prior experience.
Do I need coding knowledge before joining?,Basic computer knowledge is sufficient to start.
Do you provide placement assistance?,Yes we provide placement assistance and mock interviews.
Do you conduct mock interviews?,Yes regular mock interviews are conducted.
Do you help with resume preparation?,Yes we provide resume building support.
What companies hire your students?,Our students are placed in MNCs startups and product based companies.
Do you provide certificates?,Yes course completion certificates are provided.
Is the certificate industry recognized?,Yes our certification is recognized by hiring partners.
What is the course fee?,Please contact our admin team for detailed fee structure.
Do you offer EMI options?,Yes EMI options are available.
Is there any discount available?,Occasional discounts are available during special batches.
Do you provide demo classes?,Yes we offer one free demo class.
How can I enroll in the course?,You can enroll by contacting our admin team or visiting our office.
Where is your institute located?,Our institute is located in Bangalore.
Do you have branches in other cities?,Currently we operate only in Bangalore.
What is the batch size?,Batch size is limited to ensure personal attention.
Will I get recorded sessions?,Yes recorded sessions are provided for revision.
Do you provide real time projects?,Yes we include real time industry projects.
Will I get interview questions practice?,Yes we provide frequently asked interview questions.
What tools are taught in this course?,We teach Selenium Pytest Postman Git SQL and basic DevOps.
Do you cover DevOps concepts?,Yes we introduce CI CD and Git basics.
Is there lifetime access to materials?,Yes study materials are accessible after course completion.
Can I switch batches if needed?,Yes batch switching is allowed based on availability.
How soon can I get placed after course?,Placement depends on performance but we support until placement.
Do you guarantee placement?,We provide placement assistance but not job guarantee.
Is attendance mandatory?,Regular attendance is recommended for best results.
What is the mode of training?,Training is instructor led live sessions.
Can working professionals join?,Yes working professionals can join evening or weekend batches.
Do you provide internship opportunities?,We provide project based internship opportunities.
Is technical support available during course?,Yes trainers provide technical support during course.
Do you cover advanced automation frameworks?,Yes we teach hybrid and data driven frameworks.
Will I learn Git in this course?,Yes Git basics and version control workflows are covered.
Do you teach REST API concepts?,Yes REST API concepts are included.
How do I contact support?,You can contact support via phone email or WhatsApp.
Can I pay fees in installments?,Yes installment options are available.
What is the class timing?,Class timing depends on selected batch.
Do you provide doubt clearing sessions?,Yes dedicated doubt clearing sessions are provided.
Is project work mandatory?,Yes project work is mandatory for certification.
How do I know if this course is right for me?,You can attend a free demo to evaluate suitability.